instance,run,elapsed_sec,requests_per_sec,avg_latency_ms,p99_latency_ms
c7i-flex.xlarge,1,10,88465.74,1.09,2.91
c7i-flex.xlarge,1,20,79959.16,1.12,3.31
c7i-flex.xlarge,1,30,81737.23,1.09,3.43
c7i-flex.xlarge,1,40,91621.35,1.03,2.94
c7i-flex.xlarge,1,50,98513.31,1.02,2.48
c7i-flex.xlarge,1,60,98958.02,1.20,9.48
c7i-flex.xlarge,1,70,100304.56,0.99,2.39
c7i-flex.xlarge,1,80,89161.29,1.02,3.15
c7i-flex.xlarge,1,90,85522.51,1.03,3.32
c7i-flex.xlarge,1,100,88089.67,1.06,3.38
c7i-flex.xlarge,1,110,96357.95,1.17,6.36
c7i-flex.xlarge,1,120,99149.87,1.00,2.38
c7i-flex.xlarge,1,130,101925.59,0.97,2.35
c7i-flex.xlarge,1,140,93948.51,1.02,2.67
c7i-flex.xlarge,1,150,84544.51,1.05,3.33
c7i-flex.xlarge,1,160,87849.05,1.03,3.32
c7i-flex.xlarge,1,170,95632.05,1.00,2.89
c7i-flex.xlarge,1,180,102140.68,0.96,2.49
c7i-flex.xlarge,1,190,101431.99,0.98,2.36
c7i-flex.xlarge,1,200,102394.84,1.17,10.30
c7i-flex.xlarge,1,210,89096.09,1.02,3.18
c7i-flex.xlarge,1,220,86291.27,1.04,3.32
c7i-flex.xlarge,1,230,87506.11,1.05,3.16
c7i-flex.xlarge,1,240,93219.22,1.29,14.29
c7i-flex.xlarge,1,250,95512.16,1.07,2.81
c7i-flex.xlarge,1,260,101500.98,0.98,2.43
c7i-flex.xlarge,1,270,97272.73,0.99,2.75
c7i-flex.xlarge,1,280,79178.91,1.20,4.31
c7i-flex.xlarge,1,290,73322.59,1.52,9.65
c7i-flex.xlarge,1,300,88278.02,1.05,3.21
c7i-flex.xlarge,1,310,87889.80,1.11,2.79
c7i-flex.xlarge,1,320,86562.23,1.14,2.62
c7i-flex.xlarge,1,330,89553.53,1.11,2.58
c7i-flex.xlarge,1,340,86930.69,1.05,3.19
c7i-flex.xlarge,1,350,87919.30,1.05,3.22
c7i-flex.xlarge,1,360,86155.98,1.06,3.18
c7i-flex.xlarge,1,370,94215.18,1.01,2.76
c7i-flex.xlarge,1,380,95481.09,1.03,2.52
c7i-flex.xlarge,1,390,107014.08,0.93,2.20
c7i-flex.xlarge,1,400,99264.51,0.96,2.68
c7i-flex.xlarge,1,410,85845.50,1.36,15.41
c7i-flex.xlarge,1,420,87687.01,1.05,3.16
c7i-flex.xlarge,1,430,88822.78,1.03,3.03
c7i-flex.xlarge,1,440,103608.68,0.95,2.36
c7i-flex.xlarge,1,450,104037.45,0.94,2.32
c7i-flex.xlarge,1,460,105262.36,0.95,2.22
c7i-flex.xlarge,1,470,92692.75,1.00,3.04
c7i-flex.xlarge,1,480,71009.55,1.45,6.63
c7i-flex.xlarge,1,490,85203.98,1.14,4.19
c7i-flex.xlarge,1,500,96234.87,0.98,2.80
c7i-flex.xlarge,1,510,103626.12,0.95,2.39
c7i-flex.xlarge,1,520,105765.48,0.93,2.36
c7i-flex.xlarge,1,530,98334.94,1.00,2.67
c7i-flex.xlarge,1,540,81887.86,1.36,13.03
c7i-flex.xlarge,1,550,89708.03,1.03,3.18
c7i-flex.xlarge,1,560,89416.14,1.04,3.22
c7i-flex.xlarge,1,570,96258.71,1.00,2.80
c7i-flex.xlarge,1,580,104811.99,0.94,2.32
c7i-flex.xlarge,1,590,103390.32,0.96,2.28
c7i-flex.xlarge,1,600,91712.40,1.03,2.89
c7i-flex.xlarge,2,10,79393.78,1.41,7.22
c7i-flex.xlarge,2,20,82334.69,1.11,3.92
c7i-flex.xlarge,2,30,86351.08,1.02,3.31
c7i-flex.xlarge,2,40,95021.93,1.00,3.08
c7i-flex.xlarge,2,50,105713.57,0.93,2.36
c7i-flex.xlarge,2,60,100917.37,1.13,8.19
c7i-flex.xlarge,2,70,102823.67,0.96,2.36
c7i-flex.xlarge,2,80,90164.24,1.02,3.19
c7i-flex.xlarge,2,90,85879.27,1.03,3.33
c7i-flex.xlarge,2,100,91487.04,0.99,3.23
c7i-flex.xlarge,2,110,102508.75,0.95,2.57
c7i-flex.xlarge,2,120,103329.93,0.96,2.40
c7i-flex.xlarge,2,130,100960.30,0.98,2.35
c7i-flex.xlarge,2,140,94377.87,1.03,2.77
c7i-flex.xlarge,2,150,78571.40,1.14,3.49
c7i-flex.xlarge,2,160,86618.47,1.04,3.19
c7i-flex.xlarge,2,170,94681.27,0.99,2.94
c7i-flex.xlarge,2,180,101491.56,0.97,2.38
c7i-flex.xlarge,2,190,102738.70,0.97,2.43
c7i-flex.xlarge,2,200,98981.49,1.01,2.53
c7i-flex.xlarge,2,210,90559.12,1.01,3.03
c7i-flex.xlarge,2,220,88287.20,1.03,3.37
c7i-flex.xlarge,2,230,89090.17,1.03,3.20
c7i-flex.xlarge,2,240,97521.61,0.98,2.77
c7i-flex.xlarge,2,250,105490.01,0.93,2.28
c7i-flex.xlarge,2,260,101595.31,0.97,2.33
c7i-flex.xlarge,2,270,98706.49,0.98,2.64
c7i-flex.xlarge,2,280,88592.71,1.01,3.28
c7i-flex.xlarge,2,290,89720.84,1.01,3.17
c7i-flex.xlarge,2,300,89889.50,1.04,3.13
c7i-flex.xlarge,2,310,100327.16,0.98,2.42
c7i-flex.xlarge,2,320,104994.55,0.94,2.28
c7i-flex.xlarge,2,330,105113.38,0.94,2.11
c7i-flex.xlarge,2,340,90909.61,1.02,3.12
c7i-flex.xlarge,2,350,87330.50,1.05,3.25
c7i-flex.xlarge,2,360,87738.76,1.05,3.21
c7i-flex.xlarge,2,370,95639.04,0.99,2.82
c7i-flex.xlarge,2,380,104649.00,0.94,2.43
c7i-flex.xlarge,2,390,103160.89,0.96,2.27
c7i-flex.xlarge,2,400,100811.95,0.96,2.59
c7i-flex.xlarge,2,410,87003.41,1.04,3.20
c7i-flex.xlarge,2,420,89418.53,1.03,3.18
c7i-flex.xlarge,2,430,91992.25,1.01,3.14
c7i-flex.xlarge,2,440,99835.67,0.98,2.75
c7i-flex.xlarge,2,450,106159.87,0.94,2.37
c7i-flex.xlarge,2,460,106567.16,0.93,2.12
c7i-flex.xlarge,2,470,96726.09,0.97,2.80
c7i-flex.xlarge,2,480,91729.62,1.00,3.17
c7i-flex.xlarge,2,490,91802.99,1.00,3.10
c7i-flex.xlarge,2,500,94926.36,0.98,3.10
c7i-flex.xlarge,2,510,105043.11,0.94,2.36
c7i-flex.xlarge,2,520,107350.91,0.92,2.26
c7i-flex.xlarge,2,530,102842.35,0.99,2.65
c7i-flex.xlarge,2,540,89107.51,1.03,3.26
c7i-flex.xlarge,2,550,91333.29,1.01,3.17
c7i-flex.xlarge,2,560,91295.21,1.00,3.19
c7i-flex.xlarge,2,570,99081.94,0.97,2.71
c7i-flex.xlarge,2,580,102028.85,0.97,2.38
c7i-flex.xlarge,2,590,102552.70,0.96,2.30
c7i-flex.xlarge,2,600,97213.95,0.98,2.71
c7i-flex.xlarge,3,10,53507.10,2.41,16.80
c7i-flex.xlarge,3,20,94178.79,1.08,3.21
c7i-flex.xlarge,3,30,89324.45,1.19,4.73
c7i-flex.xlarge,3,40,84079.08,1.07,3.34
c7i-flex.xlarge,3,50,96231.26,0.98,2.92
c7i-flex.xlarge,3,60,93871.41,1.06,3.22
c7i-flex.xlarge,3,70,87396.45,1.18,4.83
c7i-flex.xlarge,3,80,97253.54,1.01,2.70
c7i-flex.xlarge,3,90,88996.84,1.15,3.31
c7i-flex.xlarge,3,100,87068.99,1.09,3.37
c7i-flex.xlarge,3,110,85834.09,1.08,3.31
c7i-flex.xlarge,3,120,93015.80,1.04,2.88
c7i-flex.xlarge,3,130,90939.53,1.05,3.03
c7i-flex.xlarge,3,140,96111.71,1.00,2.70
c7i-flex.xlarge,3,150,100002.22,1.02,2.73
c7i-flex.xlarge,3,160,103618.14,0.95,2.48
c7i-flex.xlarge,3,170,91368.93,1.00,3.19
c7i-flex.xlarge,3,180,93913.23,0.99,2.96
c7i-flex.xlarge,3,190,101776.74,0.96,2.70
c7i-flex.xlarge,3,200,99801.71,0.96,2.71
c7i-flex.xlarge,3,210,100947.20,0.96,2.60
c7i-flex.xlarge,3,220,103456.56,0.96,2.42
c7i-flex.xlarge,3,230,100990.81,0.94,2.68
c7i-flex.xlarge,3,240,94708.62,0.98,3.13
c7i-flex.xlarge,3,250,101321.49,0.94,2.65
c7i-flex.xlarge,3,260,101870.28,0.93,2.69
c7i-flex.xlarge,3,270,99696.77,0.96,2.81
c7i-flex.xlarge,3,280,96887.80,1.01,2.73
c7i-flex.xlarge,3,290,94576.02,1.06,2.84
c7i-flex.xlarge,3,300,90575.73,1.02,3.15
c7i-flex.xlarge,3,310,91162.10,1.02,3.20
c7i-flex.xlarge,3,320,98804.62,0.98,2.73
c7i-flex.xlarge,3,330,93043.47,1.02,2.99
c7i-flex.xlarge,3,340,92993.43,1.05,3.04
c7i-flex.xlarge,3,350,103604.67,0.95,2.55
c7i-flex.xlarge,3,360,100215.04,0.97,2.60
c7i-flex.xlarge,3,370,92668.43,1.00,3.23
c7i-flex.xlarge,3,380,92084.61,1.02,3.18
c7i-flex.xlarge,3,390,93219.93,1.04,2.80
c7i-flex.xlarge,3,400,84926.57,1.12,3.21
c7i-flex.xlarge,3,410,91824.29,1.06,2.83
c7i-flex.xlarge,3,420,91981.83,1.07,2.72
c7i-flex.xlarge,3,430,87606.62,1.09,3.12
c7i-flex.xlarge,3,440,91279.63,1.01,3.06
c7i-flex.xlarge,3,450,95225.80,1.01,2.84
c7i-flex.xlarge,3,460,92367.75,1.05,3.09
c7i-flex.xlarge,3,470,96498.25,0.98,2.73
c7i-flex.xlarge,3,480,103568.98,0.95,2.52
c7i-flex.xlarge,3,490,103706.28,0.94,2.55
c7i-flex.xlarge,3,500,92162.20,1.00,3.14
c7i-flex.xlarge,3,510,94848.32,0.99,2.96
c7i-flex.xlarge,3,520,101005.74,0.96,2.67
c7i-flex.xlarge,3,530,99502.52,0.95,2.72
c7i-flex.xlarge,3,540,101078.87,0.96,2.63
c7i-flex.xlarge,3,550,107656.74,0.91,2.39
c7i-flex.xlarge,3,560,99490.40,0.96,2.82
c7i-flex.xlarge,3,570,92280.73,1.01,3.16
c7i-flex.xlarge,3,580,98043.94,0.98,2.94
c7i-flex.xlarge,3,590,100333.08,0.95,2.67
c7i-flex.xlarge,3,600,100016.59,0.96,2.82
c7i-flex.xlarge,4,10,100084.11,0.99,2.34
c7i-flex.xlarge,4,20,80245.02,1.14,3.17
c7i-flex.xlarge,4,30,74420.50,1.19,3.44
c7i-flex.xlarge,4,40,84562.81,1.12,3.35
c7i-flex.xlarge,4,50,100158.80,0.98,2.41
c7i-flex.xlarge,4,60,98509.44,1.00,2.41
c7i-flex.xlarge,4,70,98076.26,1.00,2.43
c7i-flex.xlarge,4,80,92466.06,1.04,2.69
c7i-flex.xlarge,4,90,74739.71,1.19,3.59
c7i-flex.xlarge,4,100,81745.04,1.14,3.42
c7i-flex.xlarge,4,110,92123.11,1.04,2.95
c7i-flex.xlarge,4,120,99995.49,0.99,2.42
c7i-flex.xlarge,4,130,97731.04,1.01,2.41
c7i-flex.xlarge,4,140,96535.74,1.02,2.44
c7i-flex.xlarge,4,150,80807.84,1.13,3.20
c7i-flex.xlarge,4,160,79214.41,1.15,3.46
c7i-flex.xlarge,4,170,83336.83,1.12,3.18
c7i-flex.xlarge,4,180,98026.04,1.00,2.46
c7i-flex.xlarge,4,190,97858.82,1.00,2.37
c7i-flex.xlarge,4,200,98070.35,1.00,2.36
c7i-flex.xlarge,4,210,90895.59,1.05,2.82
c7i-flex.xlarge,4,220,77008.30,1.18,3.57
c7i-flex.xlarge,4,230,83470.35,1.11,3.05
c7i-flex.xlarge,4,240,87881.63,1.09,3.00
c7i-flex.xlarge,4,250,97283.30,1.01,2.44
c7i-flex.xlarge,4,260,98454.44,1.00,2.50
c7i-flex.xlarge,4,270,98049.39,1.00,2.41
c7i-flex.xlarge,4,280,81058.60,1.14,3.21
c7i-flex.xlarge,4,290,81027.53,1.14,3.36
c7i-flex.xlarge,4,300,81567.63,1.14,3.33
c7i-flex.xlarge,4,310,92374.01,1.05,2.80
c7i-flex.xlarge,4,320,96554.47,1.02,2.51
c7i-flex.xlarge,4,330,100077.08,0.99,2.38
c7i-flex.xlarge,4,340,93140.59,1.03,2.73
c7i-flex.xlarge,4,350,81332.52,1.14,3.49
c7i-flex.xlarge,4,360,81907.49,1.13,3.43
c7i-flex.xlarge,4,370,85695.97,1.11,3.43
c7i-flex.xlarge,4,380,98263.22,1.01,2.52
c7i-flex.xlarge,4,390,98421.66,1.01,2.43
c7i-flex.xlarge,4,400,98434.43,1.00,2.40
c7i-flex.xlarge,4,410,85225.90,1.10,3.16
c7i-flex.xlarge,4,420,79881.45,1.16,3.47
c7i-flex.xlarge,4,430,82947.10,1.13,3.46
c7i-flex.xlarge,4,440,90504.40,1.06,2.91
c7i-flex.xlarge,4,450,96969.07,1.02,2.46
c7i-flex.xlarge,4,460,98415.94,1.01,2.44
c7i-flex.xlarge,4,470,94637.13,1.04,2.63
c7i-flex.xlarge,4,480,81931.53,1.13,3.35
c7i-flex.xlarge,4,490,81656.14,1.14,3.33
c7i-flex.xlarge,4,500,83683.64,1.12,3.22
c7i-flex.xlarge,4,510,95044.99,1.03,2.58
c7i-flex.xlarge,4,520,97869.37,1.01,2.46
c7i-flex.xlarge,4,530,99294.89,1.00,2.38
c7i-flex.xlarge,4,540,86780.57,1.10,3.02
c7i-flex.xlarge,4,550,79968.73,1.16,3.38
c7i-flex.xlarge,4,560,80352.10,1.15,3.40
c7i-flex.xlarge,4,570,88538.37,1.09,3.15
c7i-flex.xlarge,4,580,94791.79,1.03,2.56
c7i-flex.xlarge,4,590,98765.92,1.00,2.39
c7i-flex.xlarge,4,600,97513.76,1.01,2.50
c7i-flex.xlarge,5,10,99459.06,0.99,2.40
c7i-flex.xlarge,5,20,82299.71,1.14,3.05
c7i-flex.xlarge,5,30,74336.38,1.20,3.49
c7i-flex.xlarge,5,40,83970.75,1.12,3.37
c7i-flex.xlarge,5,50,96111.61,1.02,2.40
c7i-flex.xlarge,5,60,98004.42,1.00,2.42
c7i-flex.xlarge,5,70,98713.76,0.99,2.36
c7i-flex.xlarge,5,80,92558.62,1.06,2.57
c7i-flex.xlarge,5,90,71199.81,1.27,3.68
c7i-flex.xlarge,5,100,73797.85,1.24,3.82
c7i-flex.xlarge,5,110,89658.22,1.10,2.88
c7i-flex.xlarge,5,120,91418.46,1.08,2.67
c7i-flex.xlarge,5,130,93781.55,1.06,2.60
c7i-flex.xlarge,5,140,93696.17,1.05,2.55
c7i-flex.xlarge,5,150,82193.07,1.15,3.12
c7i-flex.xlarge,5,160,75180.77,1.21,3.70
c7i-flex.xlarge,5,170,84012.44,1.13,3.26
c7i-flex.xlarge,5,180,93243.37,1.05,2.80
c7i-flex.xlarge,5,190,92526.84,1.06,2.53
c7i-flex.xlarge,5,200,98816.23,1.00,2.42
c7i-flex.xlarge,5,210,95472.87,1.02,2.55
c7i-flex.xlarge,5,220,77210.24,1.18,3.56
c7i-flex.xlarge,5,230,81089.96,1.13,3.39
c7i-flex.xlarge,5,240,88575.42,1.08,3.15
c7i-flex.xlarge,5,250,95074.08,1.03,2.52
c7i-flex.xlarge,5,260,96817.60,1.01,2.44
c7i-flex.xlarge,5,270,97630.52,1.01,2.44
c7i-flex.xlarge,5,280,86142.25,1.10,3.03
c7i-flex.xlarge,5,290,80071.73,1.15,3.47
c7i-flex.xlarge,5,300,78781.20,1.18,3.41
c7i-flex.xlarge,5,310,93054.54,1.05,2.62
c7i-flex.xlarge,5,320,94714.62,1.03,2.49
c7i-flex.xlarge,5,330,95788.50,1.03,2.47
c7i-flex.xlarge,5,340,96788.42,1.01,2.51
c7i-flex.xlarge,5,350,79897.00,1.15,3.40
c7i-flex.xlarge,5,360,81945.09,1.13,3.20
c7i-flex.xlarge,5,370,86748.27,1.09,3.11
c7i-flex.xlarge,5,380,95772.29,1.02,2.51
c7i-flex.xlarge,5,390,96738.53,1.02,2.47
c7i-flex.xlarge,5,400,98969.53,0.99,2.42
c7i-flex.xlarge,5,410,88850.22,1.06,2.90
c7i-flex.xlarge,5,420,81405.19,1.13,3.32
c7i-flex.xlarge,5,430,81681.49,1.14,3.46
c7i-flex.xlarge,5,440,90130.28,1.08,2.90
c7i-flex.xlarge,5,450,92880.89,1.05,2.77
c7i-flex.xlarge,5,460,94069.03,1.04,2.54
c7i-flex.xlarge,5,470,96274.51,1.02,2.46
c7i-flex.xlarge,5,480,80641.57,1.14,3.32
c7i-flex.xlarge,5,490,81375.66,1.13,3.31
c7i-flex.xlarge,5,500,82568.29,1.14,3.40
c7i-flex.xlarge,5,510,91197.25,1.06,2.84
c7i-flex.xlarge,5,520,95273.42,1.03,2.53
c7i-flex.xlarge,5,530,98603.90,1.00,2.46
c7i-flex.xlarge,5,540,94531.18,1.02,2.67
c7i-flex.xlarge,5,550,80700.16,1.14,3.53
c7i-flex.xlarge,5,560,81192.24,1.15,3.46
c7i-flex.xlarge,5,570,87304.74,1.10,3.38
c7i-flex.xlarge,5,580,94808.84,1.03,2.53
c7i-flex.xlarge,5,590,96475.63,1.01,2.47
c7i-flex.xlarge,5,600,96436.59,1.02,2.51
c8i-flex.xlarge,1,10,88901.22,1.13,2.68
c8i-flex.xlarge,1,20,70246.02,1.28,3.53
c8i-flex.xlarge,1,30,70069.17,1.28,3.53
c8i-flex.xlarge,1,40,79889.92,1.19,3.43
c8i-flex.xlarge,1,50,91224.26,1.11,2.55
c8i-flex.xlarge,1,60,90935.08,1.10,2.50
c8i-flex.xlarge,1,70,90798.89,1.10,2.50
c8i-flex.xlarge,1,80,80702.37,1.17,3.06
c8i-flex.xlarge,1,90,71178.20,1.26,3.43
c8i-flex.xlarge,1,100,75706.14,1.22,3.40
c8i-flex.xlarge,1,110,85644.37,1.14,3.32
c8i-flex.xlarge,1,120,92158.34,1.09,2.48
c8i-flex.xlarge,1,130,92678.96,1.08,2.45
c8i-flex.xlarge,1,140,92019.10,1.08,2.47
c8i-flex.xlarge,1,150,72765.20,1.23,3.34
c8i-flex.xlarge,1,160,75441.92,1.22,3.46
c8i-flex.xlarge,1,170,76408.80,1.21,3.40
c8i-flex.xlarge,1,180,89936.05,1.10,2.57
c8i-flex.xlarge,1,190,90786.17,1.10,2.54
c8i-flex.xlarge,1,200,91064.11,1.10,2.58
c8i-flex.xlarge,1,210,81655.49,1.16,2.97
c8i-flex.xlarge,1,220,74758.26,1.22,3.47
c8i-flex.xlarge,1,230,77117.36,1.19,3.20
c8i-flex.xlarge,1,240,84988.92,1.13,2.99
c8i-flex.xlarge,1,250,91213.01,1.09,2.58
c8i-flex.xlarge,1,260,91355.34,1.09,2.51
c8i-flex.xlarge,1,270,91008.37,1.09,2.53
c8i-flex.xlarge,1,280,74457.87,1.22,3.42
c8i-flex.xlarge,1,290,77614.61,1.19,3.24
c8i-flex.xlarge,1,300,77421.93,1.19,3.37
c8i-flex.xlarge,1,310,89147.30,1.10,2.84
c8i-flex.xlarge,1,320,91940.34,1.08,2.51
c8i-flex.xlarge,1,330,93079.91,1.07,2.40
c8i-flex.xlarge,1,340,83343.28,1.14,3.00
c8i-flex.xlarge,1,350,77586.53,1.19,3.33
c8i-flex.xlarge,1,360,77031.12,1.20,3.42
c8i-flex.xlarge,1,370,81705.37,1.16,3.36
c8i-flex.xlarge,1,380,92168.71,1.07,2.49
c8i-flex.xlarge,1,390,92568.21,1.07,2.39
c8i-flex.xlarge,1,400,93104.66,1.07,2.31
c8i-flex.xlarge,1,410,78664.46,1.18,3.23
c8i-flex.xlarge,1,420,78353.70,1.18,3.34
c8i-flex.xlarge,1,430,76018.50,1.22,3.49
c8i-flex.xlarge,1,440,84527.79,1.13,3.15
c8i-flex.xlarge,1,450,92115.44,1.07,2.48
c8i-flex.xlarge,1,460,92782.44,1.07,2.24
c8i-flex.xlarge,1,470,87596.23,1.11,2.80
c8i-flex.xlarge,1,480,76884.21,1.20,3.37
c8i-flex.xlarge,1,490,78149.53,1.19,3.22
c8i-flex.xlarge,1,500,79084.37,1.18,3.13
c8i-flex.xlarge,1,510,91619.52,1.09,2.60
c8i-flex.xlarge,1,520,92240.78,1.08,2.44
c8i-flex.xlarge,1,530,92763.33,1.08,2.34
c8i-flex.xlarge,1,540,80873.77,1.16,3.17
c8i-flex.xlarge,1,550,77571.18,1.20,3.41
c8i-flex.xlarge,1,560,78327.65,1.19,3.31
c8i-flex.xlarge,1,570,84330.70,1.14,3.14
c8i-flex.xlarge,1,580,91314.07,1.09,2.78
c8i-flex.xlarge,1,590,91630.26,1.08,2.55
c8i-flex.xlarge,1,600,89662.72,1.10,2.74
c8i-flex.xlarge,2,10,92240.47,1.08,2.28
c8i-flex.xlarge,2,20,74124.00,1.22,3.27
c8i-flex.xlarge,2,30,73534.69,1.22,3.40
c8i-flex.xlarge,2,40,81813.46,1.15,3.30
c8i-flex.xlarge,2,50,92911.53,1.07,2.43
c8i-flex.xlarge,2,60,92544.22,1.07,2.45
c8i-flex.xlarge,2,70,92386.27,1.07,2.53
c8i-flex.xlarge,2,80,84631.06,1.13,2.98
c8i-flex.xlarge,2,90,72840.34,1.23,3.48
c8i-flex.xlarge,2,100,75192.87,1.21,3.38
c8i-flex.xlarge,2,110,89548.56,1.09,2.73
c8i-flex.xlarge,2,120,91742.47,1.08,2.58
c8i-flex.xlarge,2,130,91903.46,1.07,2.49
c8i-flex.xlarge,2,140,92602.25,1.07,2.42
c8i-flex.xlarge,2,150,74821.94,1.20,3.23
c8i-flex.xlarge,2,160,75296.77,1.20,3.43
c8i-flex.xlarge,2,170,83140.13,1.14,3.15
c8i-flex.xlarge,2,180,89632.63,1.10,2.98
c8i-flex.xlarge,2,190,93072.55,1.07,2.54
c8i-flex.xlarge,2,200,93347.83,1.07,2.47
c8i-flex.xlarge,2,210,83624.59,1.14,2.98
c8i-flex.xlarge,2,220,74956.11,1.21,3.40
c8i-flex.xlarge,2,230,78796.00,1.18,3.35
c8i-flex.xlarge,2,240,83451.72,1.15,3.27
c8i-flex.xlarge,2,250,91896.44,1.08,2.54
c8i-flex.xlarge,2,260,92815.63,1.07,2.39
c8i-flex.xlarge,2,270,91526.97,1.10,2.52
c8i-flex.xlarge,2,280,75468.06,1.22,3.29
c8i-flex.xlarge,2,290,76485.89,1.21,3.39
c8i-flex.xlarge,2,300,79020.42,1.18,3.15
c8i-flex.xlarge,2,310,87097.69,1.12,2.76
c8i-flex.xlarge,2,320,90613.78,1.10,2.60
c8i-flex.xlarge,2,330,90844.52,1.09,2.54
c8i-flex.xlarge,2,340,84728.44,1.14,2.88
c8i-flex.xlarge,2,350,77417.83,1.19,3.15
c8i-flex.xlarge,2,360,77784.57,1.19,3.14
c8i-flex.xlarge,2,370,83267.41,1.15,3.02
c8i-flex.xlarge,2,380,90855.22,1.09,2.68
c8i-flex.xlarge,2,390,92088.66,1.08,2.53
c8i-flex.xlarge,2,400,92004.92,1.07,2.44
c8i-flex.xlarge,2,410,78496.71,1.17,3.12
c8i-flex.xlarge,2,420,78225.69,1.18,3.24
c8i-flex.xlarge,2,430,78630.43,1.18,3.14
c8i-flex.xlarge,2,440,88216.82,1.11,2.94
c8i-flex.xlarge,2,450,90633.34,1.08,2.58
c8i-flex.xlarge,2,460,92189.45,1.07,2.50
c8i-flex.xlarge,2,470,87239.42,1.11,2.77
c8i-flex.xlarge,2,480,78992.77,1.17,3.32
c8i-flex.xlarge,2,490,78925.83,1.18,3.34
c8i-flex.xlarge,2,500,81455.43,1.16,3.22
c8i-flex.xlarge,2,510,90054.88,1.09,2.73
c8i-flex.xlarge,2,520,92640.89,1.07,2.50
c8i-flex.xlarge,2,530,92010.54,1.08,2.62
c8i-flex.xlarge,2,540,82495.16,1.14,3.02
c8i-flex.xlarge,2,550,78094.85,1.19,3.37
c8i-flex.xlarge,2,560,79132.50,1.18,3.28
c8i-flex.xlarge,2,570,82885.16,1.16,3.34
c8i-flex.xlarge,2,580,90492.99,1.09,2.56
c8i-flex.xlarge,2,590,91303.16,1.08,2.51
c8i-flex.xlarge,2,600,89921.00,1.09,2.64
c8i-flex.xlarge,3,10,92644.69,1.08,2.53
c8i-flex.xlarge,3,20,78034.93,1.19,3.16
c8i-flex.xlarge,3,30,71414.67,1.26,3.45
c8i-flex.xlarge,3,40,81710.28,1.17,3.33
c8i-flex.xlarge,3,50,91774.03,1.08,2.57
c8i-flex.xlarge,3,60,92267.11,1.08,2.52
c8i-flex.xlarge,3,70,91630.15,1.10,2.72
c8i-flex.xlarge,3,80,87345.29,1.11,2.78
c8i-flex.xlarge,3,90,71493.03,1.25,3.55
c8i-flex.xlarge,3,100,76968.24,1.21,3.57
c8i-flex.xlarge,3,110,86801.39,1.12,2.93
c8i-flex.xlarge,3,120,91995.88,1.08,2.58
c8i-flex.xlarge,3,130,91214.84,1.08,2.63
c8i-flex.xlarge,3,140,92627.01,1.08,2.52
c8i-flex.xlarge,3,150,75938.64,1.21,3.22
c8i-flex.xlarge,3,160,74847.28,1.23,3.47
c8i-flex.xlarge,3,170,79163.58,1.18,3.08
c8i-flex.xlarge,3,180,90348.53,1.10,2.55
c8i-flex.xlarge,3,190,91421.42,1.08,2.46
c8i-flex.xlarge,3,200,90558.19,1.09,2.66
c8i-flex.xlarge,3,210,86398.09,1.12,2.89
c8i-flex.xlarge,3,220,73876.77,1.23,3.52
c8i-flex.xlarge,3,230,78447.45,1.18,3.26
c8i-flex.xlarge,3,240,86254.03,1.11,2.96
c8i-flex.xlarge,3,250,91566.42,1.08,2.56
c8i-flex.xlarge,3,260,92283.97,1.08,2.51
c8i-flex.xlarge,3,270,90291.02,1.09,2.70
c8i-flex.xlarge,3,280,77728.25,1.19,3.25
c8i-flex.xlarge,3,290,77439.46,1.18,3.28
c8i-flex.xlarge,3,300,79488.41,1.17,3.31
c8i-flex.xlarge,3,310,87982.23,1.11,2.91
c8i-flex.xlarge,3,320,90565.07,1.09,2.66
c8i-flex.xlarge,3,330,90211.85,1.08,2.59
c8i-flex.xlarge,3,340,86293.45,1.11,2.77
c8i-flex.xlarge,3,350,77408.04,1.19,3.36
c8i-flex.xlarge,3,360,78316.36,1.19,3.36
c8i-flex.xlarge,3,370,78647.94,1.20,3.40
c8i-flex.xlarge,3,380,88771.58,1.11,2.64
c8i-flex.xlarge,3,390,89945.49,1.10,2.49
c8i-flex.xlarge,3,400,88630.33,1.12,2.67
c8i-flex.xlarge,3,410,78911.13,1.21,3.18
c8i-flex.xlarge,3,420,74570.30,1.25,3.65
c8i-flex.xlarge,3,430,76853.89,1.23,3.29
c8i-flex.xlarge,3,440,84537.52,1.15,3.05
c8i-flex.xlarge,3,450,90780.13,1.10,2.64
c8i-flex.xlarge,3,460,89826.53,1.10,2.56
c8i-flex.xlarge,3,470,87138.90,1.13,2.83
c8i-flex.xlarge,3,480,77325.09,1.20,3.16
c8i-flex.xlarge,3,490,77534.23,1.20,3.22
c8i-flex.xlarge,3,500,78495.29,1.19,3.18
c8i-flex.xlarge,3,510,90963.22,1.09,2.62
c8i-flex.xlarge,3,520,91749.79,1.08,2.41
c8i-flex.xlarge,3,530,91977.60,1.08,2.53
c8i-flex.xlarge,3,540,82374.12,1.16,3.07
c8i-flex.xlarge,3,550,77745.78,1.20,3.37
c8i-flex.xlarge,3,560,78581.83,1.19,3.48
c8i-flex.xlarge,3,570,83778.94,1.15,3.22
c8i-flex.xlarge,3,580,90460.20,1.10,2.64
c8i-flex.xlarge,3,590,91239.09,1.09,2.33
c8i-flex.xlarge,3,600,89480.45,1.10,2.65
c8i-flex.xlarge,4,10,92159.78,1.08,2.41
c8i-flex.xlarge,4,20,74779.88,1.22,3.37
c8i-flex.xlarge,4,30,71114.63,1.26,3.62
c8i-flex.xlarge,4,40,81313.41,1.16,3.26
c8i-flex.xlarge,4,50,90993.70,1.08,2.66
c8i-flex.xlarge,4,60,91570.89,1.08,2.58
c8i-flex.xlarge,4,70,90181.16,1.09,2.65
c8i-flex.xlarge,4,80,85109.10,1.13,2.91
c8i-flex.xlarge,4,90,71715.78,1.25,3.59
c8i-flex.xlarge,4,100,75281.82,1.21,3.40
c8i-flex.xlarge,4,110,85528.09,1.14,3.16
c8i-flex.xlarge,4,120,88832.44,1.11,2.56
c8i-flex.xlarge,4,130,89514.82,1.11,2.55
c8i-flex.xlarge,4,140,90485.96,1.09,2.55
c8i-flex.xlarge,4,150,72860.13,1.25,3.47
c8i-flex.xlarge,4,160,72553.12,1.26,3.59
c8i-flex.xlarge,4,170,75781.67,1.25,3.72
c8i-flex.xlarge,4,180,88054.79,1.13,2.67
c8i-flex.xlarge,4,190,89194.32,1.12,2.71
c8i-flex.xlarge,4,200,89247.49,1.12,2.62
c8i-flex.xlarge,4,210,82593.17,1.16,2.98
c8i-flex.xlarge,4,220,72465.63,1.26,3.75
c8i-flex.xlarge,4,230,75531.81,1.23,3.55
c8i-flex.xlarge,4,240,82438.91,1.17,3.18
c8i-flex.xlarge,4,250,90072.69,1.10,2.52
c8i-flex.xlarge,4,260,91127.65,1.09,2.50
c8i-flex.xlarge,4,270,90749.13,1.09,2.52
c8i-flex.xlarge,4,280,75341.13,1.23,3.45
c8i-flex.xlarge,4,290,76663.76,1.20,3.37
c8i-flex.xlarge,4,300,78487.95,1.19,3.25
c8i-flex.xlarge,4,310,91533.64,1.08,2.51
c8i-flex.xlarge,4,320,93214.05,1.07,2.39
c8i-flex.xlarge,4,330,93274.72,1.07,2.39
c8i-flex.xlarge,4,340,84156.71,1.14,2.97
c8i-flex.xlarge,4,350,76128.35,1.21,3.38
c8i-flex.xlarge,4,360,76378.46,1.23,3.53
c8i-flex.xlarge,4,370,79753.05,1.20,3.56
c8i-flex.xlarge,4,380,88073.92,1.13,2.76
c8i-flex.xlarge,4,390,90165.77,1.11,2.59
c8i-flex.xlarge,4,400,89457.53,1.11,2.51
c8i-flex.xlarge,4,410,76140.14,1.23,3.30
c8i-flex.xlarge,4,420,74016.58,1.25,3.57
c8i-flex.xlarge,4,430,75209.66,1.24,3.58
c8i-flex.xlarge,4,440,84954.92,1.14,3.23
c8i-flex.xlarge,4,450,89098.52,1.11,2.61
c8i-flex.xlarge,4,460,90455.83,1.10,2.51
c8i-flex.xlarge,4,470,86114.38,1.13,2.85
c8i-flex.xlarge,4,480,75465.94,1.22,3.52
c8i-flex.xlarge,4,490,77260.60,1.20,3.49
c8i-flex.xlarge,4,500,77839.92,1.20,3.45
c8i-flex.xlarge,4,510,89911.33,1.09,2.68
c8i-flex.xlarge,4,520,91312.33,1.08,2.53
c8i-flex.xlarge,4,530,91922.15,1.08,2.51
c8i-flex.xlarge,4,540,81428.90,1.17,3.14
c8i-flex.xlarge,4,550,76205.99,1.21,3.30
c8i-flex.xlarge,4,560,77574.18,1.20,3.29
c8i-flex.xlarge,4,570,82707.78,1.16,3.16
c8i-flex.xlarge,4,580,89804.11,1.10,2.60
c8i-flex.xlarge,4,590,89317.26,1.11,2.62
c8i-flex.xlarge,4,600,88276.60,1.11,2.69
c8i-flex.xlarge,5,10,92719.36,1.07,2.12
c8i-flex.xlarge,5,20,73248.37,1.23,3.39
c8i-flex.xlarge,5,30,72455.16,1.24,3.38
c8i-flex.xlarge,5,40,81836.47,1.17,3.47
c8i-flex.xlarge,5,50,93139.86,1.07,2.33
c8i-flex.xlarge,5,60,92197.34,1.08,2.26
c8i-flex.xlarge,5,70,93297.37,1.07,2.35
c8i-flex.xlarge,5,80,85992.18,1.12,2.84
c8i-flex.xlarge,5,90,71502.12,1.26,3.52
c8i-flex.xlarge,5,100,77373.24,1.20,3.41
c8i-flex.xlarge,5,110,86298.53,1.12,2.97
c8i-flex.xlarge,5,120,92966.62,1.07,2.43
c8i-flex.xlarge,5,130,92390.35,1.08,2.44
c8i-flex.xlarge,5,140,92412.88,1.08,2.49
c8i-flex.xlarge,5,150,74534.76,1.23,3.24
c8i-flex.xlarge,5,160,73851.91,1.25,3.65
c8i-flex.xlarge,5,170,78904.09,1.18,3.09
c8i-flex.xlarge,5,180,90182.49,1.10,2.47
c8i-flex.xlarge,5,190,90811.99,1.10,2.62
c8i-flex.xlarge,5,200,91413.88,1.09,2.49
c8i-flex.xlarge,5,210,85263.90,1.13,2.88
c8i-flex.xlarge,5,220,73611.42,1.23,3.50
c8i-flex.xlarge,5,230,78063.45,1.19,3.26
c8i-flex.xlarge,5,240,83204.71,1.16,3.01
c8i-flex.xlarge,5,250,89589.43,1.11,2.58
c8i-flex.xlarge,5,260,89685.23,1.11,2.57
c8i-flex.xlarge,5,270,89775.36,1.11,2.69
c8i-flex.xlarge,5,280,76786.06,1.21,3.27
c8i-flex.xlarge,5,290,76625.43,1.20,3.29
c8i-flex.xlarge,5,300,79021.06,1.19,3.42
c8i-flex.xlarge,5,310,87138.37,1.13,3.11
c8i-flex.xlarge,5,320,87609.47,3.52,120.54
c8i-flex.xlarge,5,330,91087.10,1.09,2.55
c8i-flex.xlarge,5,340,85032.65,1.14,2.84
c8i-flex.xlarge,5,350,76891.65,1.20,3.34
c8i-flex.xlarge,5,360,77780.25,1.20,3.39
c8i-flex.xlarge,5,370,79390.58,1.20,3.60
c8i-flex.xlarge,5,380,90605.65,1.09,2.61
c8i-flex.xlarge,5,390,92747.59,1.07,2.37
c8i-flex.xlarge,5,400,91829.20,1.08,2.47
c8i-flex.xlarge,5,410,80596.65,1.16,3.11
c8i-flex.xlarge,5,420,77358.43,1.19,3.31
c8i-flex.xlarge,5,430,76996.65,1.20,3.40
c8i-flex.xlarge,5,440,86159.02,1.12,2.90
c8i-flex.xlarge,5,450,90921.50,1.09,2.63
c8i-flex.xlarge,5,460,91643.71,1.08,2.55
c8i-flex.xlarge,5,470,89076.04,1.10,2.75
c8i-flex.xlarge,5,480,77185.55,1.20,3.22
c8i-flex.xlarge,5,490,79120.30,1.18,3.14
c8i-flex.xlarge,5,500,79689.68,1.18,3.26
c8i-flex.xlarge,5,510,90848.60,1.09,2.60
c8i-flex.xlarge,5,520,91628.78,1.08,2.45
c8i-flex.xlarge,5,530,91511.63,1.08,2.48
c8i-flex.xlarge,5,540,82525.58,1.16,3.13
c8i-flex.xlarge,5,550,78282.21,1.18,3.33
c8i-flex.xlarge,5,560,78665.95,1.18,3.34
c8i-flex.xlarge,5,570,84163.64,1.14,3.04
c8i-flex.xlarge,5,580,90354.38,1.09,2.71
c8i-flex.xlarge,5,590,91273.77,1.08,2.42
c8i-flex.xlarge,5,600,90928.25,1.09,2.58
m7i-flex.xlarge,1,10,75916.36,1.26,3.32
m7i-flex.xlarge,1,20,68429.78,1.35,3.78
m7i-flex.xlarge,1,30,70020.99,1.31,3.81
m7i-flex.xlarge,1,40,75114.15,1.28,3.47
m7i-flex.xlarge,1,50,75642.25,1.33,3.17
m7i-flex.xlarge,1,60,78005.47,1.29,3.18
m7i-flex.xlarge,1,70,74115.67,1.35,3.25
m7i-flex.xlarge,1,80,67405.01,1.37,3.81
m7i-flex.xlarge,1,90,68002.97,1.36,3.80
m7i-flex.xlarge,1,100,68271.44,1.39,4.00
m7i-flex.xlarge,1,110,74755.88,1.31,3.38
m7i-flex.xlarge,1,120,77509.46,1.29,3.05
m7i-flex.xlarge,1,130,74174.33,1.35,3.15
m7i-flex.xlarge,1,140,74439.88,1.31,3.55
m7i-flex.xlarge,1,150,70424.07,1.30,3.70
m7i-flex.xlarge,1,160,68924.22,1.36,3.81
m7i-flex.xlarge,1,170,66652.99,1.43,3.89
m7i-flex.xlarge,1,180,74022.68,1.35,3.39
m7i-flex.xlarge,1,190,71187.36,1.45,3.53
m7i-flex.xlarge,1,200,74373.58,1.35,3.06
m7i-flex.xlarge,1,210,70550.81,1.33,3.62
m7i-flex.xlarge,1,220,68910.09,1.35,3.92
m7i-flex.xlarge,1,230,71229.83,1.34,3.80
m7i-flex.xlarge,1,240,73268.88,1.34,3.55
m7i-flex.xlarge,1,250,72150.94,1.39,3.10
m7i-flex.xlarge,1,260,72589.91,1.38,3.11
m7i-flex.xlarge,1,270,69988.17,1.39,3.46
m7i-flex.xlarge,1,280,65244.96,1.43,3.90
m7i-flex.xlarge,1,290,68792.33,1.37,3.70
m7i-flex.xlarge,1,300,70122.19,1.36,3.66
m7i-flex.xlarge,1,310,72503.03,1.37,3.59
m7i-flex.xlarge,1,320,74520.72,1.36,3.53
m7i-flex.xlarge,1,330,77917.54,1.29,3.21
m7i-flex.xlarge,1,340,68890.61,1.36,3.67
m7i-flex.xlarge,1,350,69982.07,1.34,3.80
m7i-flex.xlarge,1,360,71086.95,1.33,3.83
m7i-flex.xlarge,1,370,70037.62,1.37,3.90
m7i-flex.xlarge,1,380,75819.88,1.33,3.42
m7i-flex.xlarge,1,390,77378.96,1.29,3.11
m7i-flex.xlarge,1,400,75384.42,1.30,3.26
m7i-flex.xlarge,1,410,71899.49,1.31,3.85
m7i-flex.xlarge,1,420,71281.04,1.32,3.78
m7i-flex.xlarge,1,430,65969.55,1.47,4.18
m7i-flex.xlarge,1,440,70333.41,1.41,3.92
m7i-flex.xlarge,1,450,73876.93,1.38,3.58
m7i-flex.xlarge,1,460,72782.42,1.39,3.43
m7i-flex.xlarge,1,470,72005.73,1.33,3.50
m7i-flex.xlarge,1,480,69431.19,1.37,3.89
m7i-flex.xlarge,1,490,68570.24,1.38,3.71
m7i-flex.xlarge,1,500,70215.30,1.36,3.72
m7i-flex.xlarge,1,510,68283.49,1.48,3.86
m7i-flex.xlarge,1,520,70378.81,1.43,3.72
m7i-flex.xlarge,1,530,70301.10,1.43,3.89
m7i-flex.xlarge,1,540,66925.78,1.42,4.03
m7i-flex.xlarge,1,550,65864.99,1.45,4.01
m7i-flex.xlarge,1,560,68154.92,1.38,3.74
m7i-flex.xlarge,1,570,70236.73,1.40,3.91
m7i-flex.xlarge,1,580,72095.37,1.39,3.59
m7i-flex.xlarge,1,590,76372.17,1.31,3.32
m7i-flex.xlarge,1,600,72560.02,1.34,3.62
m7i-flex.xlarge,2,10,74232.96,1.31,3.56
m7i-flex.xlarge,2,20,60396.28,1.56,4.52
m7i-flex.xlarge,2,30,63672.06,1.44,4.11
m7i-flex.xlarge,2,40,69342.14,1.40,3.90
m7i-flex.xlarge,2,50,73118.84,1.38,3.33
m7i-flex.xlarge,2,60,71363.10,1.41,3.45
m7i-flex.xlarge,2,70,70690.86,1.43,3.54
m7i-flex.xlarge,2,80,66691.39,1.46,3.90
m7i-flex.xlarge,2,90,65745.39,1.39,3.84
m7i-flex.xlarge,2,100,68027.89,1.40,3.96
m7i-flex.xlarge,2,110,72240.19,1.35,3.53
m7i-flex.xlarge,2,120,75737.07,1.33,3.41
m7i-flex.xlarge,2,130,73414.70,1.37,3.31
m7i-flex.xlarge,2,140,71388.93,1.38,3.34
m7i-flex.xlarge,2,150,66535.52,1.37,3.76
m7i-flex.xlarge,2,160,70516.03,1.32,3.77
m7i-flex.xlarge,2,170,70955.35,1.34,3.59
m7i-flex.xlarge,2,180,75780.17,1.33,3.58
m7i-flex.xlarge,2,190,75402.13,1.33,3.16
m7i-flex.xlarge,2,200,74892.49,1.35,3.31
m7i-flex.xlarge,2,210,70006.61,1.35,3.62
m7i-flex.xlarge,2,220,70382.24,1.32,3.91
m7i-flex.xlarge,2,230,71178.73,1.33,3.65
m7i-flex.xlarge,2,240,75100.51,1.30,3.41
m7i-flex.xlarge,2,250,75038.16,1.34,3.49
m7i-flex.xlarge,2,260,72430.16,1.39,3.63
m7i-flex.xlarge,2,270,71580.33,1.38,3.50
m7i-flex.xlarge,2,280,66205.57,1.40,3.91
m7i-flex.xlarge,2,290,68565.17,1.38,3.86
m7i-flex.xlarge,2,300,66653.49,1.43,3.84
m7i-flex.xlarge,2,310,68638.28,1.44,3.79
m7i-flex.xlarge,2,320,73560.66,1.37,3.62
m7i-flex.xlarge,2,330,72302.31,1.39,3.26
m7i-flex.xlarge,2,340,69921.80,1.36,3.54
m7i-flex.xlarge,2,350,69250.56,1.35,3.68
m7i-flex.xlarge,2,360,70202.00,1.35,3.77
m7i-flex.xlarge,2,370,70088.59,1.37,3.73
m7i-flex.xlarge,2,380,73954.97,1.35,3.43
m7i-flex.xlarge,2,390,72211.55,1.39,3.74
m7i-flex.xlarge,2,400,72259.12,1.36,3.34
m7i-flex.xlarge,2,410,68450.77,1.37,3.85
m7i-flex.xlarge,2,420,68911.31,1.37,3.93
m7i-flex.xlarge,2,430,68843.94,1.38,3.87
m7i-flex.xlarge,2,440,72158.44,1.36,3.70
m7i-flex.xlarge,2,450,76664.45,1.30,3.32
m7i-flex.xlarge,2,460,73668.18,1.36,3.38
m7i-flex.xlarge,2,470,70280.02,1.37,3.53
m7i-flex.xlarge,2,480,68518.07,1.38,3.85
m7i-flex.xlarge,2,490,66249.49,1.44,4.00
m7i-flex.xlarge,2,500,67316.85,1.42,3.71
m7i-flex.xlarge,2,510,71991.82,1.39,3.59
m7i-flex.xlarge,2,520,72962.73,1.36,3.18
m7i-flex.xlarge,2,530,73358.08,1.35,3.48
m7i-flex.xlarge,2,540,69386.17,1.35,3.63
m7i-flex.xlarge,2,550,68481.85,1.38,3.76
m7i-flex.xlarge,2,560,69672.42,1.35,3.77
m7i-flex.xlarge,2,570,71986.30,1.34,3.70
m7i-flex.xlarge,2,580,72743.34,1.37,3.30
m7i-flex.xlarge,2,590,78627.48,1.28,3.20
m7i-flex.xlarge,2,600,74796.03,1.29,3.34
m7i-flex.xlarge,3,10,77409.18,1.27,3.29
m7i-flex.xlarge,3,20,67177.53,1.36,3.85
m7i-flex.xlarge,3,30,65841.44,1.39,3.98
m7i-flex.xlarge,3,40,71123.59,1.36,3.92
m7i-flex.xlarge,3,50,74548.18,1.36,3.70
m7i-flex.xlarge,3,60,73134.00,1.38,3.56
m7i-flex.xlarge,3,70,73936.01,1.38,3.78
m7i-flex.xlarge,3,80,68924.20,1.38,3.76
m7i-flex.xlarge,3,90,65151.28,1.41,3.96
m7i-flex.xlarge,3,100,67410.11,1.40,3.99
m7i-flex.xlarge,3,110,71241.14,1.39,3.66
m7i-flex.xlarge,3,120,75802.79,1.33,3.25
m7i-flex.xlarge,3,130,75202.06,1.34,3.42
m7i-flex.xlarge,3,140,72840.56,1.35,3.37
m7i-flex.xlarge,3,150,66805.75,1.38,4.02
m7i-flex.xlarge,3,160,68500.56,1.37,3.93
m7i-flex.xlarge,3,170,71064.53,1.33,3.72
m7i-flex.xlarge,3,180,77800.24,1.29,3.29
m7i-flex.xlarge,3,190,76203.90,1.31,3.19
m7i-flex.xlarge,3,200,76384.61,1.32,3.14
m7i-flex.xlarge,3,210,68538.11,1.38,3.64
m7i-flex.xlarge,3,220,70951.05,1.31,3.65
m7i-flex.xlarge,3,230,69519.46,1.35,3.71
m7i-flex.xlarge,3,240,72709.67,1.34,3.61
m7i-flex.xlarge,3,250,72468.46,1.39,3.46
m7i-flex.xlarge,3,260,73331.57,1.36,3.41
m7i-flex.xlarge,3,270,74186.21,1.32,3.29
m7i-flex.xlarge,3,280,68388.75,1.35,3.83
m7i-flex.xlarge,3,290,71244.62,1.31,3.63
m7i-flex.xlarge,3,300,71730.24,1.32,3.72
m7i-flex.xlarge,3,310,77726.75,1.28,3.07
m7i-flex.xlarge,3,320,72185.75,1.38,3.37
m7i-flex.xlarge,3,330,76243.60,1.31,3.06
m7i-flex.xlarge,3,340,73358.07,1.28,3.65
m7i-flex.xlarge,3,350,71162.56,1.32,3.66
m7i-flex.xlarge,3,360,71105.18,1.32,3.67
m7i-flex.xlarge,3,370,70651.89,1.37,3.72
m7i-flex.xlarge,3,380,73315.40,1.37,3.51
m7i-flex.xlarge,3,390,74888.12,1.33,3.18
m7i-flex.xlarge,3,400,73814.36,1.34,3.56
m7i-flex.xlarge,3,410,69209.73,1.35,3.94
m7i-flex.xlarge,3,420,68885.22,1.36,3.74
m7i-flex.xlarge,3,430,69912.65,1.35,3.76
m7i-flex.xlarge,3,440,67812.50,1.45,3.86
m7i-flex.xlarge,3,450,73888.85,1.37,3.71
m7i-flex.xlarge,3,460,74747.84,1.36,3.50
m7i-flex.xlarge,3,470,70962.34,1.37,3.66
m7i-flex.xlarge,3,480,69447.42,1.36,3.86
m7i-flex.xlarge,3,490,69885.17,1.36,3.87
m7i-flex.xlarge,3,500,68966.65,1.37,3.85
m7i-flex.xlarge,3,510,73511.09,1.37,3.52
m7i-flex.xlarge,3,520,76417.49,1.32,3.37
m7i-flex.xlarge,3,530,76679.98,1.31,3.31
m7i-flex.xlarge,3,540,71558.87,1.31,3.58
m7i-flex.xlarge,3,550,73138.78,1.29,3.63
m7i-flex.xlarge,3,560,69422.66,1.37,3.71
m7i-flex.xlarge,3,570,71169.16,1.36,3.70
m7i-flex.xlarge,3,580,75721.33,1.32,3.28
m7i-flex.xlarge,3,590,75422.67,1.33,3.21
m7i-flex.xlarge,3,600,73661.18,1.32,3.43
m7i-flex.xlarge,4,10,73754.17,1.32,3.48
m7i-flex.xlarge,4,20,68711.05,1.35,3.79
m7i-flex.xlarge,4,30,65138.40,1.42,4.09
m7i-flex.xlarge,4,40,71274.73,1.35,3.59
m7i-flex.xlarge,4,50,70718.27,1.43,3.48
m7i-flex.xlarge,4,60,73603.60,1.36,3.30
m7i-flex.xlarge,4,70,74556.29,1.35,3.29
m7i-flex.xlarge,4,80,69630.47,1.34,3.63
m7i-flex.xlarge,4,90,65429.88,1.40,4.11
m7i-flex.xlarge,4,100,66922.09,1.41,4.32
m7i-flex.xlarge,4,110,73504.65,1.36,3.72
m7i-flex.xlarge,4,120,73832.26,1.37,3.37
m7i-flex.xlarge,4,130,76131.38,1.31,3.22
m7i-flex.xlarge,4,140,72702.72,1.35,3.48
m7i-flex.xlarge,4,150,65693.38,1.40,4.01
m7i-flex.xlarge,4,160,67165.45,1.39,3.91
m7i-flex.xlarge,4,170,69764.42,1.37,3.98
m7i-flex.xlarge,4,180,72751.93,1.38,3.39
m7i-flex.xlarge,4,190,73331.02,1.38,3.55
m7i-flex.xlarge,4,200,76207.18,1.33,3.49
m7i-flex.xlarge,4,210,67734.91,1.39,3.95
m7i-flex.xlarge,4,220,65470.65,1.43,3.97
m7i-flex.xlarge,4,230,67837.49,1.40,3.93
m7i-flex.xlarge,4,240,70074.27,1.40,4.01
m7i-flex.xlarge,4,250,74029.30,1.35,3.26
m7i-flex.xlarge,4,260,75816.60,1.37,3.46
m7i-flex.xlarge,4,270,69163.64,1.42,3.50
m7i-flex.xlarge,4,280,67113.17,1.38,3.85
m7i-flex.xlarge,4,290,69414.68,1.36,3.78
m7i-flex.xlarge,4,300,68483.05,1.39,3.65
m7i-flex.xlarge,4,310,74390.55,1.35,3.30
m7i-flex.xlarge,4,320,76460.83,1.31,3.03
m7i-flex.xlarge,4,330,72582.09,1.39,3.36
m7i-flex.xlarge,4,340,70246.76,1.32,3.51
m7i-flex.xlarge,4,350,69616.26,1.35,3.63
m7i-flex.xlarge,4,360,71183.47,1.33,3.72
m7i-flex.xlarge,4,370,74259.50,1.31,3.72
m7i-flex.xlarge,4,380,75844.08,1.32,3.27
m7i-flex.xlarge,4,390,76828.09,1.31,3.18
m7i-flex.xlarge,4,400,74449.13,1.31,3.44
m7i-flex.xlarge,4,410,68456.40,1.36,3.90
m7i-flex.xlarge,4,420,68219.17,1.37,3.82
m7i-flex.xlarge,4,430,70594.38,1.34,3.73
m7i-flex.xlarge,4,440,75174.34,1.31,3.33
m7i-flex.xlarge,4,450,72623.21,1.39,3.43
m7i-flex.xlarge,4,460,74264.42,1.34,3.13
m7i-flex.xlarge,4,470,69353.72,1.37,3.63
m7i-flex.xlarge,4,480,68395.14,1.38,3.83
m7i-flex.xlarge,4,490,68656.93,1.38,3.87
m7i-flex.xlarge,4,500,68098.72,1.39,3.91
m7i-flex.xlarge,4,510,67825.16,1.48,3.57
m7i-flex.xlarge,4,520,69965.25,1.44,3.47
m7i-flex.xlarge,4,530,69771.75,1.42,3.39
m7i-flex.xlarge,4,540,66962.23,1.40,3.83
m7i-flex.xlarge,4,550,67880.74,1.40,3.83
m7i-flex.xlarge,4,560,69023.36,1.38,3.74
m7i-flex.xlarge,4,570,65624.11,1.50,4.23
m7i-flex.xlarge,4,580,67466.77,1.50,3.99
m7i-flex.xlarge,4,590,68615.69,1.47,3.82
m7i-flex.xlarge,4,600,67311.84,1.44,3.76
m7i-flex.xlarge,5,10,72640.04,1.34,3.65
m7i-flex.xlarge,5,20,69239.43,1.32,3.71
m7i-flex.xlarge,5,30,68463.76,1.34,3.88
m7i-flex.xlarge,5,40,72777.88,1.31,3.47
m7i-flex.xlarge,5,50,78257.17,1.28,2.90
m7i-flex.xlarge,5,60,77547.45,1.29,3.12
m7i-flex.xlarge,5,70,73621.78,1.38,3.47
m7i-flex.xlarge,5,80,68722.30,1.34,3.71
m7i-flex.xlarge,5,90,66037.50,1.39,3.94
m7i-flex.xlarge,5,100,64733.73,1.47,3.90
m7i-flex.xlarge,5,110,68897.85,1.44,4.01
m7i-flex.xlarge,5,120,72046.83,1.41,3.75
m7i-flex.xlarge,5,130,70343.87,1.44,3.74
m7i-flex.xlarge,5,140,72354.18,1.36,3.52
m7i-flex.xlarge,5,150,66251.43,1.39,4.01
m7i-flex.xlarge,5,160,68479.27,1.37,3.92
m7i-flex.xlarge,5,170,69144.01,1.39,3.74
m7i-flex.xlarge,5,180,72791.07,1.39,3.41
m7i-flex.xlarge,5,190,70199.30,1.43,3.49
m7i-flex.xlarge,5,200,72430.69,1.39,3.57
m7i-flex.xlarge,5,210,64986.00,1.45,3.93
m7i-flex.xlarge,5,220,65688.31,1.43,4.13
m7i-flex.xlarge,5,230,68596.08,1.39,3.74
m7i-flex.xlarge,5,240,71961.74,1.36,3.62
m7i-flex.xlarge,5,250,73075.45,1.38,3.34
m7i-flex.xlarge,5,260,72678.48,1.40,3.77
m7i-flex.xlarge,5,270,69331.53,1.43,3.79
m7i-flex.xlarge,5,280,65417.45,1.43,4.01
m7i-flex.xlarge,5,290,67076.03,1.40,3.82
m7i-flex.xlarge,5,300,68712.57,1.38,3.84
m7i-flex.xlarge,5,310,68708.66,1.44,3.62
m7i-flex.xlarge,5,320,74794.53,1.35,3.34
m7i-flex.xlarge,5,330,71078.85,1.42,3.71
m7i-flex.xlarge,5,340,66077.27,1.45,3.80
m7i-flex.xlarge,5,350,68070.55,1.39,3.88
m7i-flex.xlarge,5,360,67664.78,1.39,3.93
m7i-flex.xlarge,5,370,66073.89,1.46,4.03
m7i-flex.xlarge,5,380,73974.16,1.36,3.49
m7i-flex.xlarge,5,390,73071.16,1.39,3.81
m7i-flex.xlarge,5,400,72135.29,1.37,3.50
m7i-flex.xlarge,5,410,69825.52,1.35,3.77
m7i-flex.xlarge,5,420,71397.22,1.31,3.69
m7i-flex.xlarge,5,430,67864.05,1.40,3.97
m7i-flex.xlarge,5,440,73032.04,1.34,3.46
m7i-flex.xlarge,5,450,77828.95,1.29,3.12
m7i-flex.xlarge,5,460,74604.49,1.34,3.33
m7i-flex.xlarge,5,470,72938.25,1.32,3.54
m7i-flex.xlarge,5,480,69748.86,1.36,3.85
m7i-flex.xlarge,5,490,70070.04,1.34,3.75
m7i-flex.xlarge,5,500,72121.70,1.31,3.55
m7i-flex.xlarge,5,510,76738.84,1.30,3.10
m7i-flex.xlarge,5,520,76377.69,1.31,3.13
m7i-flex.xlarge,5,530,77589.01,1.27,3.17
m7i-flex.xlarge,5,540,71648.31,1.32,3.80
m7i-flex.xlarge,5,550,66880.79,1.41,3.90
m7i-flex.xlarge,5,560,68438.79,1.38,3.81
m7i-flex.xlarge,5,570,71305.77,1.36,3.71
m7i-flex.xlarge,5,580,73383.32,1.35,3.23
m7i-flex.xlarge,5,590,72614.85,1.38,3.13
m7i-flex.xlarge,5,600,71208.15,1.36,3.68
r8i-flex.xlarge,1,10,90087.16,1.08,2.50
r8i-flex.xlarge,1,20,73390.23,1.22,3.40
r8i-flex.xlarge,1,30,73586.69,1.22,3.37
r8i-flex.xlarge,1,40,82788.45,1.14,3.14
r8i-flex.xlarge,1,50,90458.68,1.10,2.47
r8i-flex.xlarge,1,60,88946.65,1.13,2.57
r8i-flex.xlarge,1,70,90355.29,1.11,2.31
r8i-flex.xlarge,1,80,80851.56,1.18,3.05
r8i-flex.xlarge,1,90,70689.81,1.28,3.62
r8i-flex.xlarge,1,100,74739.50,1.23,3.53
r8i-flex.xlarge,1,110,86134.25,1.14,3.19
r8i-flex.xlarge,1,120,91667.49,1.08,2.32
r8i-flex.xlarge,1,130,91229.10,1.09,2.31
r8i-flex.xlarge,1,140,91781.54,1.08,2.25
r8i-flex.xlarge,1,150,72765.93,1.23,3.49
r8i-flex.xlarge,1,160,75234.02,1.21,3.48
r8i-flex.xlarge,1,170,80321.71,1.17,3.26
r8i-flex.xlarge,1,180,91511.57,1.07,2.32
r8i-flex.xlarge,1,190,91455.55,1.07,2.25
r8i-flex.xlarge,1,200,92063.01,1.07,2.36
r8i-flex.xlarge,1,210,81988.40,1.14,2.97
r8i-flex.xlarge,1,220,76372.95,1.20,3.50
r8i-flex.xlarge,1,230,79318.52,1.17,3.28
r8i-flex.xlarge,1,240,84390.18,1.12,3.02
r8i-flex.xlarge,1,250,92604.29,1.06,2.34
r8i-flex.xlarge,1,260,93315.10,1.06,2.27
r8i-flex.xlarge,1,270,91279.21,1.08,2.38
r8i-flex.xlarge,1,280,74953.58,1.21,3.41
r8i-flex.xlarge,1,290,78300.44,1.18,3.24
r8i-flex.xlarge,1,300,79360.32,1.16,3.10
r8i-flex.xlarge,1,310,90477.43,1.08,2.52
r8i-flex.xlarge,1,320,92664.90,1.06,2.38
r8i-flex.xlarge,1,330,92731.29,1.06,2.03
r8i-flex.xlarge,1,340,82740.26,1.14,2.98
r8i-flex.xlarge,1,350,77950.63,1.17,3.29
r8i-flex.xlarge,1,360,78454.41,1.18,3.31
r8i-flex.xlarge,1,370,84331.76,1.13,3.07
r8i-flex.xlarge,1,380,91448.47,1.07,2.49
r8i-flex.xlarge,1,390,91775.24,1.07,2.38
r8i-flex.xlarge,1,400,90990.94,1.08,2.50
r8i-flex.xlarge,1,410,77179.95,1.19,3.38
r8i-flex.xlarge,1,420,76907.10,1.21,3.45
r8i-flex.xlarge,1,430,74551.47,1.25,3.56
r8i-flex.xlarge,1,440,80835.40,1.21,3.40
r8i-flex.xlarge,1,450,88313.93,1.12,2.48
r8i-flex.xlarge,1,460,88632.37,1.12,2.45
r8i-flex.xlarge,1,470,83149.46,1.16,2.90
r8i-flex.xlarge,1,480,75010.31,1.23,3.49
r8i-flex.xlarge,1,490,76834.44,1.21,3.44
r8i-flex.xlarge,1,500,78096.20,1.20,3.50
r8i-flex.xlarge,1,510,90567.00,1.10,2.45
r8i-flex.xlarge,1,520,91104.04,1.09,2.28
r8i-flex.xlarge,1,530,90763.11,1.09,2.40
r8i-flex.xlarge,1,540,80489.49,1.17,3.21
r8i-flex.xlarge,1,550,78041.58,1.19,3.25
r8i-flex.xlarge,1,560,78261.91,1.18,3.27
r8i-flex.xlarge,1,570,83986.17,1.14,2.95
r8i-flex.xlarge,1,580,93069.74,1.06,2.19
r8i-flex.xlarge,1,590,92776.89,1.07,2.12
r8i-flex.xlarge,1,600,88947.44,1.09,2.62
r8i-flex.xlarge,2,10,90292.24,1.10,2.24
r8i-flex.xlarge,2,20,72495.92,1.24,3.43
r8i-flex.xlarge,2,30,69699.89,1.30,3.79
r8i-flex.xlarge,2,40,78367.45,1.22,3.56
r8i-flex.xlarge,2,50,86993.40,1.15,2.70
r8i-flex.xlarge,2,60,87058.61,1.15,2.60
r8i-flex.xlarge,2,70,86264.75,1.17,2.71
r8i-flex.xlarge,2,80,81566.52,1.20,3.13
r8i-flex.xlarge,2,90,66486.40,1.37,3.99
r8i-flex.xlarge,2,100,70250.75,1.32,3.88
r8i-flex.xlarge,2,110,84048.87,1.18,3.54
r8i-flex.xlarge,2,120,89650.85,1.12,2.52
r8i-flex.xlarge,2,130,89119.73,1.13,2.66
r8i-flex.xlarge,2,140,90249.96,1.10,2.54
r8i-flex.xlarge,2,150,75454.52,1.24,3.25
r8i-flex.xlarge,2,160,71765.65,1.29,3.70
r8i-flex.xlarge,2,170,77029.37,1.23,3.50
r8i-flex.xlarge,2,180,89179.91,1.11,2.62
r8i-flex.xlarge,2,190,90925.99,1.09,2.44
r8i-flex.xlarge,2,200,90565.36,1.10,2.53
r8i-flex.xlarge,2,210,86169.02,1.13,2.84
r8i-flex.xlarge,2,220,73257.66,1.25,3.52
r8i-flex.xlarge,2,230,75285.56,1.23,3.67
r8i-flex.xlarge,2,240,82588.14,1.16,3.31
r8i-flex.xlarge,2,250,89730.47,1.10,2.49
r8i-flex.xlarge,2,260,90300.95,1.09,2.49
r8i-flex.xlarge,2,270,90781.18,1.09,2.46
r8i-flex.xlarge,2,280,78126.66,1.19,3.23
r8i-flex.xlarge,2,290,76773.45,1.20,3.29
r8i-flex.xlarge,2,300,78835.99,1.17,3.13
r8i-flex.xlarge,2,310,89527.15,1.09,2.62
r8i-flex.xlarge,2,320,91499.84,1.08,2.47
r8i-flex.xlarge,2,330,90613.18,1.09,2.51
r8i-flex.xlarge,2,340,85484.77,1.12,2.81
r8i-flex.xlarge,2,350,76689.93,1.20,3.31
r8i-flex.xlarge,2,360,77676.55,1.19,3.36
r8i-flex.xlarge,2,370,83174.45,1.15,3.19
r8i-flex.xlarge,2,380,88894.71,1.10,2.71
r8i-flex.xlarge,2,390,90414.25,1.09,2.47
r8i-flex.xlarge,2,400,90301.78,1.08,2.47
r8i-flex.xlarge,2,410,79643.31,1.17,3.15
r8i-flex.xlarge,2,420,77113.20,1.20,3.28
r8i-flex.xlarge,2,430,76325.38,1.22,3.48
r8i-flex.xlarge,2,440,84174.00,1.16,3.29
r8i-flex.xlarge,2,450,88474.20,1.11,2.51
r8i-flex.xlarge,2,460,89235.00,1.10,2.55
r8i-flex.xlarge,2,470,85189.35,1.13,2.73
r8i-flex.xlarge,2,480,77596.28,1.19,3.36
r8i-flex.xlarge,2,490,77275.96,1.21,3.64
r8i-flex.xlarge,2,500,78583.40,1.19,3.55
r8i-flex.xlarge,2,510,89694.05,1.09,2.59
r8i-flex.xlarge,2,520,92188.96,1.08,2.39
r8i-flex.xlarge,2,530,91027.37,1.08,2.51
r8i-flex.xlarge,2,540,84340.18,1.13,2.89
r8i-flex.xlarge,2,550,78581.50,1.18,3.36
r8i-flex.xlarge,2,560,78680.88,1.17,3.25
r8i-flex.xlarge,2,570,84633.53,1.13,2.94
r8i-flex.xlarge,2,580,91073.28,1.08,2.43
r8i-flex.xlarge,2,590,91759.05,1.08,2.42
r8i-flex.xlarge,2,600,89028.09,1.09,2.54
r8i-flex.xlarge,3,10,91071.86,1.07,2.52
r8i-flex.xlarge,3,20,74042.71,1.21,3.40
r8i-flex.xlarge,3,30,73590.28,1.22,3.45
r8i-flex.xlarge,3,40,83058.02,1.13,2.96
r8i-flex.xlarge,3,50,91608.68,1.08,2.56
r8i-flex.xlarge,3,60,90853.16,1.09,2.71
r8i-flex.xlarge,3,70,92826.62,1.06,2.35
r8i-flex.xlarge,3,80,81769.28,1.14,3.01
r8i-flex.xlarge,3,90,73597.83,1.21,3.40
r8i-flex.xlarge,3,100,76125.49,1.20,3.45
r8i-flex.xlarge,3,110,88273.70,1.10,2.74
r8i-flex.xlarge,3,120,92193.98,1.07,2.37
r8i-flex.xlarge,3,130,91923.74,1.07,2.36
r8i-flex.xlarge,3,140,88379.41,1.11,2.76
r8i-flex.xlarge,3,150,73283.11,1.22,3.48
r8i-flex.xlarge,3,160,75825.89,1.19,3.37
r8i-flex.xlarge,3,170,81257.02,1.16,3.27
r8i-flex.xlarge,3,180,91777.42,1.07,2.44
r8i-flex.xlarge,3,190,92692.98,1.06,2.27
r8i-flex.xlarge,3,200,92032.17,1.07,2.41
r8i-flex.xlarge,3,210,81232.28,1.14,2.97
r8i-flex.xlarge,3,220,76990.17,1.18,3.31
r8i-flex.xlarge,3,230,78206.87,1.18,3.37
r8i-flex.xlarge,3,240,85904.44,1.11,2.95
r8i-flex.xlarge,3,250,91953.43,1.07,2.32
r8i-flex.xlarge,3,260,92399.97,1.07,2.37
r8i-flex.xlarge,3,270,89512.21,1.08,2.66
r8i-flex.xlarge,3,280,74875.93,1.20,3.39
r8i-flex.xlarge,3,290,78670.60,1.18,3.30
r8i-flex.xlarge,3,300,79852.15,1.17,3.19
r8i-flex.xlarge,3,310,91177.88,1.07,2.39
r8i-flex.xlarge,3,320,92025.32,1.07,2.35
r8i-flex.xlarge,3,330,91132.13,1.08,2.39
r8i-flex.xlarge,3,340,79013.22,1.17,3.12
r8i-flex.xlarge,3,350,77601.88,1.19,3.16
r8i-flex.xlarge,3,360,78086.77,1.19,3.30
r8i-flex.xlarge,3,370,82902.78,1.15,3.10
r8i-flex.xlarge,3,380,89593.51,1.10,2.52
r8i-flex.xlarge,3,390,91264.44,1.09,2.11
r8i-flex.xlarge,3,400,85933.11,1.14,2.82
r8i-flex.xlarge,3,410,76678.95,1.20,3.40
r8i-flex.xlarge,3,420,77493.70,1.20,3.43
r8i-flex.xlarge,3,430,78313.88,1.19,3.37
r8i-flex.xlarge,3,440,85481.41,1.14,3.18
r8i-flex.xlarge,3,450,91080.54,1.09,2.45
r8i-flex.xlarge,3,460,92170.18,1.08,2.15
r8i-flex.xlarge,3,470,82653.00,1.15,2.99
r8i-flex.xlarge,3,480,76421.67,1.21,3.40
r8i-flex.xlarge,3,490,78336.51,1.19,3.40
r8i-flex.xlarge,3,500,78846.74,1.18,3.42
r8i-flex.xlarge,3,510,90676.85,1.08,2.52
r8i-flex.xlarge,3,520,92922.54,1.06,2.26
r8i-flex.xlarge,3,530,91660.54,1.08,2.34
r8i-flex.xlarge,3,540,78751.86,1.17,3.22
r8i-flex.xlarge,3,550,78958.98,1.16,3.11
r8i-flex.xlarge,3,560,79094.01,1.17,3.24
r8i-flex.xlarge,3,570,85342.73,1.12,2.92
r8i-flex.xlarge,3,580,90905.92,1.07,2.43
r8i-flex.xlarge,3,590,92481.92,1.07,2.22
r8i-flex.xlarge,3,600,85438.44,1.12,2.82
r8i-flex.xlarge,4,10,93363.98,1.06,1.96
r8i-flex.xlarge,4,20,74875.29,1.21,3.25
r8i-flex.xlarge,4,30,73333.38,1.22,3.37
r8i-flex.xlarge,4,40,82261.65,1.14,3.18
r8i-flex.xlarge,4,50,92206.32,1.07,2.25
r8i-flex.xlarge,4,60,92400.84,1.06,2.15
r8i-flex.xlarge,4,70,91894.36,1.07,2.39
r8i-flex.xlarge,4,80,84252.80,1.12,2.89
r8i-flex.xlarge,4,90,72869.34,1.23,3.42
r8i-flex.xlarge,4,100,78448.36,1.18,3.32
r8i-flex.xlarge,4,110,86900.16,1.11,2.82
r8i-flex.xlarge,4,120,91698.29,1.07,2.38
r8i-flex.xlarge,4,130,91376.88,1.08,2.30
r8i-flex.xlarge,4,140,92644.87,1.07,2.10
r8i-flex.xlarge,4,150,72258.52,1.24,3.44
r8i-flex.xlarge,4,160,74588.64,1.23,3.45
r8i-flex.xlarge,4,170,77214.87,1.21,3.28
r8i-flex.xlarge,4,180,90826.14,1.10,2.29
r8i-flex.xlarge,4,190,89995.97,1.10,2.40
r8i-flex.xlarge,4,200,91216.08,1.09,2.26
r8i-flex.xlarge,4,210,82390.01,1.16,2.99
r8i-flex.xlarge,4,220,72545.84,1.26,3.56
r8i-flex.xlarge,4,230,75684.82,1.22,3.36
r8i-flex.xlarge,4,240,84028.08,1.15,3.04
r8i-flex.xlarge,4,250,89844.00,1.11,2.51
r8i-flex.xlarge,4,260,89189.47,1.11,2.44
r8i-flex.xlarge,4,270,91272.91,1.08,2.20
r8i-flex.xlarge,4,280,75925.30,1.21,3.27
r8i-flex.xlarge,4,290,76678.28,1.20,3.45
r8i-flex.xlarge,4,300,79710.43,1.17,3.28
r8i-flex.xlarge,4,310,87407.84,1.11,2.89
r8i-flex.xlarge,4,320,90455.37,1.09,2.47
r8i-flex.xlarge,4,330,91646.64,1.07,2.37
r8i-flex.xlarge,4,340,85965.29,1.12,2.77
r8i-flex.xlarge,4,350,77276.44,1.19,3.40
r8i-flex.xlarge,4,360,79141.89,1.17,3.27
r8i-flex.xlarge,4,370,80736.41,1.16,3.29
r8i-flex.xlarge,4,380,91758.30,1.07,2.42
r8i-flex.xlarge,4,390,92092.22,1.07,2.44
r8i-flex.xlarge,4,400,92434.35,1.06,2.26
r8i-flex.xlarge,4,410,80571.05,1.16,3.09
r8i-flex.xlarge,4,420,78103.58,1.18,3.32
r8i-flex.xlarge,4,430,79708.66,1.16,3.15
r8i-flex.xlarge,4,440,85840.13,1.12,2.87
r8i-flex.xlarge,4,450,90248.21,1.09,2.39
r8i-flex.xlarge,4,460,89943.69,1.09,2.37
r8i-flex.xlarge,4,470,86078.07,1.12,2.79
r8i-flex.xlarge,4,480,76970.68,1.20,3.26
r8i-flex.xlarge,4,490,78003.38,1.19,3.27
r8i-flex.xlarge,4,500,79494.26,1.18,3.14
r8i-flex.xlarge,4,510,90454.01,1.09,2.45
r8i-flex.xlarge,4,520,90159.14,1.10,2.43
r8i-flex.xlarge,4,530,90477.22,1.09,2.40
r8i-flex.xlarge,4,540,80791.26,1.16,2.96
r8i-flex.xlarge,4,550,77973.47,1.19,3.34
r8i-flex.xlarge,4,560,78240.86,1.19,3.34
r8i-flex.xlarge,4,570,83430.77,1.14,3.08
r8i-flex.xlarge,4,580,91584.55,1.08,2.46
r8i-flex.xlarge,4,590,91263.12,1.08,2.42
r8i-flex.xlarge,4,600,89869.95,1.09,2.55
r8i-flex.xlarge,5,10,89702.93,1.10,2.50
r8i-flex.xlarge,5,20,72785.63,1.24,3.51
r8i-flex.xlarge,5,30,72953.18,1.23,3.58
r8i-flex.xlarge,5,40,81653.65,1.16,3.20
r8i-flex.xlarge,5,50,92052.92,1.07,2.22
r8i-flex.xlarge,5,60,91560.74,1.09,2.18
r8i-flex.xlarge,5,70,92155.98,1.07,2.06
r8i-flex.xlarge,5,80,81931.25,1.15,2.93
r8i-flex.xlarge,5,90,72424.76,1.25,3.54
r8i-flex.xlarge,5,100,75457.35,1.22,3.66
r8i-flex.xlarge,5,110,89085.76,1.10,2.91
r8i-flex.xlarge,5,120,92112.21,1.07,2.38
r8i-flex.xlarge,5,130,91783.08,1.07,2.28
r8i-flex.xlarge,5,140,91840.21,1.07,2.44
r8i-flex.xlarge,5,150,73472.89,1.23,3.49
r8i-flex.xlarge,5,160,75707.10,1.20,3.54
r8i-flex.xlarge,5,170,80834.82,1.17,3.34
r8i-flex.xlarge,5,180,91478.49,1.07,2.44
r8i-flex.xlarge,5,190,91813.08,1.07,2.40
r8i-flex.xlarge,5,200,92783.50,1.06,2.30
r8i-flex.xlarge,5,210,82010.61,1.14,2.94
r8i-flex.xlarge,5,220,75433.35,1.20,3.38
r8i-flex.xlarge,5,230,78863.04,1.18,3.37
r8i-flex.xlarge,5,240,84343.73,1.14,3.16
r8i-flex.xlarge,5,250,91936.82,1.07,2.28
r8i-flex.xlarge,5,260,92132.37,1.07,2.41
r8i-flex.xlarge,5,270,91350.01,1.07,2.51
r8i-flex.xlarge,5,280,74298.03,1.22,3.57
r8i-flex.xlarge,5,290,78773.72,1.17,3.24
r8i-flex.xlarge,5,300,78813.33,1.18,3.20
r8i-flex.xlarge,5,310,91312.86,1.07,2.46
r8i-flex.xlarge,5,320,90442.83,1.09,2.31
r8i-flex.xlarge,5,330,90270.36,1.10,2.55
r8i-flex.xlarge,5,340,80132.23,1.16,3.06
r8i-flex.xlarge,5,350,78098.97,1.17,3.18
r8i-flex.xlarge,5,360,79451.17,1.17,3.28
r8i-flex.xlarge,5,370,83816.65,1.13,2.99
r8i-flex.xlarge,5,380,91635.83,1.07,2.46
r8i-flex.xlarge,5,390,92527.92,1.07,2.23
r8i-flex.xlarge,5,400,88583.21,1.09,2.64
r8i-flex.xlarge,5,410,77424.48,1.18,3.28
r8i-flex.xlarge,5,420,78514.29,1.18,3.32
r8i-flex.xlarge,5,430,78226.16,1.18,3.31
r8i-flex.xlarge,5,440,87513.09,1.11,2.90
r8i-flex.xlarge,5,450,91208.60,1.08,2.44
r8i-flex.xlarge,5,460,91480.19,1.08,2.27
r8i-flex.xlarge,5,470,83616.02,1.14,2.96
r8i-flex.xlarge,5,480,78045.96,1.18,3.32
r8i-flex.xlarge,5,490,77540.48,1.21,3.69
r8i-flex.xlarge,5,500,79499.26,1.18,3.40
r8i-flex.xlarge,5,510,92052.21,1.07,2.27
r8i-flex.xlarge,5,520,93283.12,1.07,2.08
r8i-flex.xlarge,5,530,93177.45,1.07,2.22
r8i-flex.xlarge,5,540,79382.80,1.18,3.27
r8i-flex.xlarge,5,550,78265.28,1.19,3.48
r8i-flex.xlarge,5,560,78850.70,1.18,3.21
r8i-flex.xlarge,5,570,85529.84,1.12,2.95
r8i-flex.xlarge,5,580,91698.79,1.08,2.44
r8i-flex.xlarge,5,590,91826.91,1.08,2.36
r8i-flex.xlarge,5,600,86506.55,1.12,2.86
